Handle,Title,Body (HTML),Vendor,Type,Tags,Published,Option1 Name,Option1 Value,Option2 Name,Option2 Value,Option3 Name,Option3 Value,Variant SKU,Variant Grams,Variant Inventory Tracker,Variant Inventory Qty,Variant Inventory Policy,Variant Fulfillment Service,Variant Price,Variant Compare At Price,Variant Requires Shipping,Variant Taxable,Variant Barcode,Image Src,Image Position,Image Alt Text,Gift Card,SEO Title,SEO Description,Google Shopping / Google Product Category,Google Shopping / Gender,Google Shopping / Age Group,Google Shopping / MPN,Google Shopping / AdWords Grouping,Google Shopping / AdWords Labels,Google Shopping / Condition,Google Shopping / Custom Product,Google Shopping / Custom Label 0,Google Shopping / Custom Label 1,Google Shopping / Custom Label 2,Google Shopping / Custom Label 3,Google Shopping / Custom Label 4,Variant Image,Variant Weight Unit,Variant Tax Code
one-shoulder-bow-to,One shoulder bow to,"<span>It is a long established fact that a reader will be distracted by the readable content of a page when looking at its layout. The point of using Lorem Ipsum is that it has a more-or-less normal distribution of letters, as opposed to using 'Content here, content here', making it look like readable English.</span><span></span>
<p>Why do we use it?</p>
<span>Many desktop publishing packages and web page editors now use Lorem Ipsum as their default model text, and a search for 'lorem ipsum' will uncover many web sites still in their infancy. Various versions have evolved over the years, sometimes by accident, sometimes on purpose (injected humour and the like).</span>",anton-demo,"","$200-$300, $300-$400, Blue, L, M, S, White, XL",true,Title,Default Title,,,,,"",0,,0,deny,manual,300.00,350.00,true,true,"",https://cdn.shopify.com/s/files/1/0011/8423/5583/products/Product4_Home3_cdaab7c1-bf86-4bda-b9ac-b6778759cf82.png?v=1521622267,1,,false,,,,,,,,,,,,,,,,,kg,
one-shoulder-bow-to,,,,,,,,,,,,,,,,,,,,,,,,https://cdn.shopify.com/s/files/1/0011/8423/5583/products/Product1_Home3_e7dfdd9d-6b4e-4307-ae3f-3a294f687def.png?v=1521622267,2,,,,,,,,,,,,,,,,,,,,
one-shoulder-bow-to,,,,,,,,,,,,,,,,,,,,,,,,https://cdn.shopify.com/s/files/1/0011/8423/5583/products/Product3_Home3_08ae61cb-038d-4bed-80df-0768cea104a7.png?v=1521622267,3,,,,,,,,,,,,,,,,,,,,
one-shoulder-bow-to,,,,,,,,,,,,,,,,,,,,,,,,https://cdn.shopify.com/s/files/1/0011/8423/5583/products/Product2_Home3_5f533f59-ced8-48ca-9193-1ca96f31b859.png?v=1521622267,4,,,,,,,,,,,,,,,,,,,,
one-shoulder-bow-top-14,One shoulder bow top,"<span>It is a long established fact that a reader will be distracted by the readable content of a page when looking at its layout. The point of using Lorem Ipsum is that it has a more-or-less normal distribution of letters, as opposed to using 'Content here, content here', making it look like readable English.</span><span></span>
<p>Why do we use it?</p>
<span>Many desktop publishing packages and web page editors now use Lorem Ipsum as their default model text, and a search for 'lorem ipsum' will uncover many web sites still in their infancy. Various versions have evolved over the years, sometimes by accident, sometimes on purpose (injected humour and the like).</span>",anton-demo,"","$200-$300, $300-$400, Black, L, M, Red, S, XL",true,Title,Default Title,,,,,"",0,,0,deny,manual,300.00,350.00,true,true,"",https://cdn.shopify.com/s/files/1/0011/8423/5583/products/Product1_Home3.png?v=1521622127,1,,false,,,,,,,,,,,,,,,,,kg,
one-shoulder-bow-top-14,,,,,,,,,,,,,,,,,,,,,,,,https://cdn.shopify.com/s/files/1/0011/8423/5583/products/Product3_Home3.png?v=1521622132,2,,,,,,,,,,,,,,,,,,,,
one-shoulder-bow-top-14,,,,,,,,,,,,,,,,,,,,,,,,https://cdn.shopify.com/s/files/1/0011/8423/5583/products/Product4_Home3.png?v=1521622138,3,,,,,,,,,,,,,,,,,,,,
one-shoulder-bow-top-14,,,,,,,,,,,,,,,,,,,,,,,,https://cdn.shopify.com/s/files/1/0011/8423/5583/products/Product2_Home3.png?v=1521622144,4,,,,,,,,,,,,,,,,,,,,
one-shoulder-bow-top-13,One shoulder bow top,"<span>It is a long established fact that a reader will be distracted by the readable content of a page when looking at its layout. The point of using Lorem Ipsum is that it has a more-or-less normal distribution of letters, as opposed to using 'Content here, content here', making it look like readable English.</span><span></span>
<p>Why do we use it?</p>
<span>Many desktop publishing packages and web page editors now use Lorem Ipsum as their default model text, and a search for 'lorem ipsum' will uncover many web sites still in their infancy. Various versions have evolved over the years, sometimes by accident, sometimes on purpose (injected humour and the like).</span>",anton-demo,"","$200-$300, $300-$400, Black, L, M, Red, S, XL",true,Title,Default Title,,,,,"",0,,0,deny,manual,300.00,350.00,true,true,"",https://cdn.shopify.com/s/files/1/0011/8423/5583/products/Special5_home2_e7cd6529-7fd9-4076-965d-941bfaae7b54.png?v=1521622085,1,,false,,,,,,,,,,,,,,,,,kg,
one-shoulder-bow-top-13,,,,,,,,,,,,,,,,,,,,,,,,https://cdn.shopify.com/s/files/1/0011/8423/5583/products/Special4_home2_0cd300bf-a519-415c-a128-afec54e8ac19.png?v=1521622085,2,,,,,,,,,,,,,,,,,,,,
one-shoulder-bow-top-13,,,,,,,,,,,,,,,,,,,,,,,,https://cdn.shopify.com/s/files/1/0011/8423/5583/products/Special2_home2_630f6ace-f47e-41f0-ab84-02e68727d248.png?v=1521622085,3,,,,,,,,,,,,,,,,,,,,
one-shoulder-bow-top-13,,,,,,,,,,,,,,,,,,,,,,,,https://cdn.shopify.com/s/files/1/0011/8423/5583/products/Special1_home2_e4440010-fe9d-4e7d-ae8c-d8824d85cc67.png?v=1521622085,4,,,,,,,,,,,,,,,,,,,,
one-shoulder-bow-top-12,One shoulder bow top,"<span>It is a long established fact that a reader will be distracted by the readable content of a page when looking at its layout. The point of using Lorem Ipsum is that it has a more-or-less normal distribution of letters, as opposed to using 'Content here, content here', making it look like readable English.</span><span></span>
<p>Why do we use it?</p>
<span>Many desktop publishing packages and web page editors now use Lorem Ipsum as their default model text, and a search for 'lorem ipsum' will uncover many web sites still in their infancy. Various versions have evolved over the years, sometimes by accident, sometimes on purpose (injected humour and the like).</span>",anton-demo,"","$200-$300, Black, Gray, L, M, S, White, XL",true,Title,Default Title,,,,,"",0,,0,deny,manual,300.00,,true,true,"",https://cdn.shopify.com/s/files/1/0011/8423/5583/products/Special4_home2_cc303ec0-ff5f-4fea-a6db-2a2462bbb8b4.png?v=1521621520,1,,false,,,,,,,,,,,,,,,,,kg,
one-shoulder-bow-top-12,,,,,,,,,,,,,,,,,,,,,,,,https://cdn.shopify.com/s/files/1/0011/8423/5583/products/Special2_home2_2bd99271-7fdd-42bc-962b-8f64a5d16b41.png?v=1521621520,2,,,,,,,,,,,,,,,,,,,,
one-shoulder-bow-top-12,,,,,,,,,,,,,,,,,,,,,,,,https://cdn.shopify.com/s/files/1/0011/8423/5583/products/Special1_home2_60cb31ff-d14d-43de-bbee-8ceffb550676.png?v=1521621520,3,,,,,,,,,,,,,,,,,,,,
one-shoulder-bow-top-12,,,,,,,,,,,,,,,,,,,,,,,,https://cdn.shopify.com/s/files/1/0011/8423/5583/products/Special5_home2_5e807757-17a9-4d33-a9b6-6894a03daed1.png?v=1521621520,4,,,,,,,,,,,,,,,,,,,,
one-shoulder-bow-top-11,One shoulder bow top,"<span>It is a long established fact that a reader will be distracted by the readable content of a page when looking at its layout. The point of using Lorem Ipsum is that it has a more-or-less normal distribution of letters, as opposed to using 'Content here, content here', making it look like readable English.</span><span></span>
<p>Why do we use it?</p>
<span>Many desktop publishing packages and web page editors now use Lorem Ipsum as their default model text, and a search for 'lorem ipsum' will uncover many web sites still in their infancy. Various versions have evolved over the years, sometimes by accident, sometimes on purpose (injected humour and the like).</span>",anton-demo,"","$100-$200, Black",true,Title,Default Title,,,,,"",0,,0,deny,manual,200.00,,true,true,"",https://cdn.shopify.com/s/files/1/0011/8423/5583/products/Special2_home2_67fd0484-79fc-4f3c-ae77-c6ba26a782fb.png?v=1521621493,1,,false,,,,,,,,,,,,,,,,,kg,
one-shoulder-bow-top-11,,,,,,,,,,,,,,,,,,,,,,,,https://cdn.shopify.com/s/files/1/0011/8423/5583/products/Special1_home2_a1685487-356b-4faa-945a-c1085f771296.png?v=1521621493,2,,,,,,,,,,,,,,,,,,,,
one-shoulder-bow-top-11,,,,,,,,,,,,,,,,,,,,,,,,https://cdn.shopify.com/s/files/1/0011/8423/5583/products/Special4_home2_6ece4100-45fe-4d9b-99cf-a43127c64cc3.png?v=1521621493,3,,,,,,,,,,,,,,,,,,,,
one-shoulder-bow-top-11,,,,,,,,,,,,,,,,,,,,,,,,https://cdn.shopify.com/s/files/1/0011/8423/5583/products/Special5_home2_b5bad51b-499f-414c-b2f6-83e9f01c14a8.png?v=1521621493,4,,,,,,,,,,,,,,,,,,,,
one-shoulder-bow-top-10,One shoulder bow top,"<span>It is a long established fact that a reader will be distracted by the readable content of a page when looking at its layout. The point of using Lorem Ipsum is that it has a more-or-less normal distribution of letters, as opposed to using 'Content here, content here', making it look like readable English.</span><span></span>
<p>Why do we use it?</p>
<span>Many desktop publishing packages and web page editors now use Lorem Ipsum as their default model text, and a search for 'lorem ipsum' will uncover many web sites still in their infancy. Various versions have evolved over the years, sometimes by accident, sometimes on purpose (injected humour and the like).</span>",anton-demo,"","$200-$300, $300-$400, Black, Blue, L, M, S, XL",true,Title,Default Title,,,,,"",0,,0,deny,manual,300.00,350.00,true,true,"",https://cdn.shopify.com/s/files/1/0011/8423/5583/products/Special1_home2.png?v=1521621215,1,,false,,,,,,,,,,,,,,,,,kg,
one-shoulder-bow-top-10,,,,,,,,,,,,,,,,,,,,,,,,https://cdn.shopify.com/s/files/1/0011/8423/5583/products/Special2_home2.png?v=1521621221,2,,,,,,,,,,,,,,,,,,,,
one-shoulder-bow-top-10,,,,,,,,,,,,,,,,,,,,,,,,https://cdn.shopify.com/s/files/1/0011/8423/5583/products/Special4_home2.png?v=1521621230,3,,,,,,,,,,,,,,,,,,,,
one-shoulder-bow-top-10,,,,,,,,,,,,,,,,,,,,,,,,https://cdn.shopify.com/s/files/1/0011/8423/5583/products/Special5_home2.png?v=1521621244,4,,,,,,,,,,,,,,,,,,,,
one-shoulder-bow-top-9,One shoulder bow top,"<span>It is a long established fact that a reader will be distracted by the readable content of a page when looking at its layout. The point of using Lorem Ipsum is that it has a more-or-less normal distribution of letters, as opposed to using 'Content here, content here', making it look like readable English.</span><span></span>
<p>Why do we use it?</p>
<span>Many desktop publishing packages and web page editors now use Lorem Ipsum as their default model text, and a search for 'lorem ipsum' will uncover many web sites still in their infancy. Various versions have evolved over the years, sometimes by accident, sometimes on purpose (injected humour and the like).</span>",anton-demo,"","$200-$300, $300-$400, Black",true,Title,Default Title,,,,,"",0,,0,deny,manual,300.00,350.00,true,true,"",https://cdn.shopify.com/s/files/1/0011/8423/5583/products/Product5_home2_89d72a22-12cc-4b84-bee3-d8a4f1b03c3f.png?v=1521621184,1,,false,,,,,,,,,,,,,,,,,kg,
one-shoulder-bow-top-9,,,,,,,,,,,,,,,,,,,,,,,,https://cdn.shopify.com/s/files/1/0011/8423/5583/products/Product4_home2_466c4dc0-5595-4d23-a8f4-119f091dbd1b.png?v=1521621184,2,,,,,,,,,,,,,,,,,,,,
one-shoulder-bow-top-9,,,,,,,,,,,,,,,,,,,,,,,,https://cdn.shopify.com/s/files/1/0011/8423/5583/products/Product1_home2_9d8515e7-36d7-43de-910c-7ce92bf1337d.png?v=1521621184,3,,,,,,,,,,,,,,,,,,,,
one-shoulder-bow-top-9,,,,,,,,,,,,,,,,,,,,,,,,https://cdn.shopify.com/s/files/1/0011/8423/5583/products/Product2_home2_cd4ace46-697b-4b9b-93e6-abbc3936d584.png?v=1521621184,4,,,,,,,,,,,,,,,,,,,,
one-shoulder-bow-top-8,One shoulder bow top,"<span>It is a long established fact that a reader will be distracted by the readable content of a page when looking at its layout. The point of using Lorem Ipsum is that it has a more-or-less normal distribution of letters, as opposed to using 'Content here, content here', making it look like readable English.</span><span></span>
<p>Why do we use it?</p>
<span>Many desktop publishing packages and web page editors now use Lorem Ipsum as their default model text, and a search for 'lorem ipsum' will uncover many web sites still in their infancy. Various versions have evolved over the years, sometimes by accident, sometimes on purpose (injected humour and the like).</span>",anton-demo,"","$200-$300, $300-$400, Black, Blue, Gray, L, M, S, XL",true,Title,Default Title,,,,,"",0,,0,deny,manual,300.00,350.00,true,true,"",https://cdn.shopify.com/s/files/1/0011/8423/5583/products/Product4_home2_f793edf6-1a33-4947-8297-40a5460c5af6.png?v=1521621149,1,,false,,,,,,,,,,,,,,,,,kg,
one-shoulder-bow-top-8,,,,,,,,,,,,,,,,,,,,,,,,https://cdn.shopify.com/s/files/1/0011/8423/5583/products/Product1_home2_f1c9fab9-cd34-42eb-9682-6a86bf54a852.png?v=1521621149,2,,,,,,,,,,,,,,,,,,,,
one-shoulder-bow-top-8,,,,,,,,,,,,,,,,,,,,,,,,https://cdn.shopify.com/s/files/1/0011/8423/5583/products/Product2_home2_52a9d332-4134-4717-b637-03c73e2242c3.png?v=1521621149,3,,,,,,,,,,,,,,,,,,,,
one-shoulder-bow-top-8,,,,,,,,,,,,,,,,,,,,,,,,https://cdn.shopify.com/s/files/1/0011/8423/5583/products/Product5_home2_c4b975bf-5a53-489d-bcc9-050d5cb44156.png?v=1521621149,4,,,,,,,,,,,,,,,,,,,,
one-shoulder-bow-top-7,One shoulder bow top,"<span>It is a long established fact that a reader will be distracted by the readable content of a page when looking at its layout. The point of using Lorem Ipsum is that it has a more-or-less normal distribution of letters, as opposed to using 'Content here, content here', making it look like readable English.</span><span></span>
<p>Why do we use it?</p>
<span>Many desktop publishing packages and web page editors now use Lorem Ipsum as their default model text, and a search for 'lorem ipsum' will uncover many web sites still in their infancy. Various versions have evolved over the years, sometimes by accident, sometimes on purpose (injected humour and the like).</span>",anton-demo,"","$200-$300, $300-$400, Blue, Gray, L, M, Red, S, White, XL",true,Size,Small,Color,Blue,,,"",0,,1,deny,manual,300.00,350.00,true,true,"",https://cdn.shopify.com/s/files/1/0011/8423/5583/products/Product8_home1_0f609392-e0e8-458d-92e4-2c70f0e6fbd9.png?v=1521620766,1,,false,,,,,,,,,,,,,,,,https://cdn.shopify.com/s/files/1/0011/8423/5583/products/Product8_home1_0f609392-e0e8-458d-92e4-2c70f0e6fbd9.png?v=1521620766,kg,
one-shoulder-bow-top-7,,,,,,,,Small,,Red,,,"",0,,0,deny,manual,300.00,350.00,true,true,"",https://cdn.shopify.com/s/files/1/0011/8423/5583/products/Product7_home1_ae3e6c8c-98a4-4869-81bf-bf407539f79e.png?v=1521620766,2,,,,,,,,,,,,,,,,,,https://cdn.shopify.com/s/files/1/0011/8423/5583/products/Product7_home1_ae3e6c8c-98a4-4869-81bf-bf407539f79e.png?v=1521620766,kg,
one-shoulder-bow-top-7,,,,,,,,Small,,White,,,"",0,,0,deny,manual,300.00,350.00,true,true,"",https://cdn.shopify.com/s/files/1/0011/8423/5583/products/Product6_home1_677665eb-4f0b-41d7-adee-86c7264ec439.png?v=1521620766,3,,,,,,,,,,,,,,,,,,https://cdn.shopify.com/s/files/1/0011/8423/5583/products/Product5_home1_5fbacd15-388e-40a8-829f-ecdbf089bbd9.png?v=1521620766,kg,
one-shoulder-bow-top-7,,,,,,,,Medium,,Blue,,,"",0,,0,deny,manual,300.00,350.00,true,true,"",https://cdn.shopify.com/s/files/1/0011/8423/5583/products/Product5_home1_5fbacd15-388e-40a8-829f-ecdbf089bbd9.png?v=1521620766,4,,,,,,,,,,,,,,,,,,https://cdn.shopify.com/s/files/1/0011/8423/5583/products/Product8_home1_0f609392-e0e8-458d-92e4-2c70f0e6fbd9.png?v=1521620766,kg,
one-shoulder-bow-top-7,,,,,,,,Medium,,Red,,,"",0,,0,deny,manual,300.00,350.00,true,true,"",,,,,,,,,,,,,,,,,,,,https://cdn.shopify.com/s/files/1/0011/8423/5583/products/Product7_home1_ae3e6c8c-98a4-4869-81bf-bf407539f79e.png?v=1521620766,kg,
one-shoulder-bow-top-7,,,,,,,,Medium,,White,,,"",0,,0,deny,manual,300.00,350.00,true,true,"",,,,,,,,,,,,,,,,,,,,https://cdn.shopify.com/s/files/1/0011/8423/5583/products/Product5_home1_5fbacd15-388e-40a8-829f-ecdbf089bbd9.png?v=1521620766,kg,
one-shoulder-bow-top-7,,,,,,,,Large,,Blue,,,"",0,,0,deny,manual,300.00,350.00,true,true,"",,,,,,,,,,,,,,,,,,,,https://cdn.shopify.com/s/files/1/0011/8423/5583/products/Product8_home1_0f609392-e0e8-458d-92e4-2c70f0e6fbd9.png?v=1521620766,kg,
one-shoulder-bow-top-7,,,,,,,,Large,,Red,,,"",0,,0,deny,manual,300.00,350.00,true,true,"",,,,,,,,,,,,,,,,,,,,https://cdn.shopify.com/s/files/1/0011/8423/5583/products/Product7_home1_ae3e6c8c-98a4-4869-81bf-bf407539f79e.png?v=1521620766,kg,
one-shoulder-bow-top-7,,,,,,,,Large,,White,,,"",0,,0,deny,manual,300.00,350.00,true,true,"",,,,,,,,,,,,,,,,,,,,https://cdn.shopify.com/s/files/1/0011/8423/5583/products/Product5_home1_5fbacd15-388e-40a8-829f-ecdbf089bbd9.png?v=1521620766,kg,
one-shoulder-bow-top-6,One shoulder bow top,"<span>It is a long established fact that a reader will be distracted by the readable content of a page when looking at its layout. The point of using Lorem Ipsum is that it has a more-or-less normal distribution of letters, as opposed to using 'Content here, content here', making it look like readable English.</span><span></span>
<p>Why do we use it?</p>
<span>Many desktop publishing packages and web page editors now use Lorem Ipsum as their default model text, and a search for 'lorem ipsum' will uncover many web sites still in their infancy. Various versions have evolved over the years, sometimes by accident, sometimes on purpose (injected humour and the like).</span>",anton-demo,"","$200-$300, Black, Gray, L, M, S, White, XL",true,Title,Default Title,,,,,"",0,,0,deny,manual,300.00,,true,true,"",https://cdn.shopify.com/s/files/1/0011/8423/5583/products/Product7_home1_b9a3316c-6330-4622-9f9f-a5f6216a97bd.png?v=1521620744,1,,false,,,,,,,,,,,,,,,,,kg,
one-shoulder-bow-top-6,,,,,,,,,,,,,,,,,,,,,,,,https://cdn.shopify.com/s/files/1/0011/8423/5583/products/Product6_home1_e00b9aef-b58b-466b-beac-df534e63b80b.png?v=1521620744,2,,,,,,,,,,,,,,,,,,,,
one-shoulder-bow-top-6,,,,,,,,,,,,,,,,,,,,,,,,https://cdn.shopify.com/s/files/1/0011/8423/5583/products/Product5_home1_399c6917-22a4-4e7f-9f08-f9cfd19e2ccf.png?v=1521620744,3,,,,,,,,,,,,,,,,,,,,
one-shoulder-bow-top-6,,,,,,,,,,,,,,,,,,,,,,,,https://cdn.shopify.com/s/files/1/0011/8423/5583/products/Product8_home1_ad1ff65c-ba9e-4e0f-8a60-91c4f4e5b557.png?v=1521620744,4,,,,,,,,,,,,,,,,,,,,
copy-of-one-shoulder-bow-top,One shoulder bow top,"<span>It is a long established fact that a reader will be distracted by the readable content of a page when looking at its layout. The point of using Lorem Ipsum is that it has a more-or-less normal distribution of letters, as opposed to using 'Content here, content here', making it look like readable English.</span><span></span>
<p>Why do we use it?</p>
<span>Many desktop publishing packages and web page editors now use Lorem Ipsum as their default model text, and a search for 'lorem ipsum' will uncover many web sites still in their infancy. Various versions have evolved over the years, sometimes by accident, sometimes on purpose (injected humour and the like).</span>",anton-demo,"","$100-$200, Gray, White",true,Title,Default Title,,,,,"",0,,0,deny,manual,200.00,,true,true,"",https://cdn.shopify.com/s/files/1/0011/8423/5583/products/Product6_home1_067a2573-2ac5-4501-8d9f-72f140122b9e.png?v=1521620720,1,,false,,,,,,,,,,,,,,,,,kg,
copy-of-one-shoulder-bow-top,,,,,,,,,,,,,,,,,,,,,,,,https://cdn.shopify.com/s/files/1/0011/8423/5583/products/Product5_home1_3bf36d8d-aaf2-489e-9719-a97597799f57.png?v=1521620720,2,,,,,,,,,,,,,,,,,,,,
copy-of-one-shoulder-bow-top,,,,,,,,,,,,,,,,,,,,,,,,https://cdn.shopify.com/s/files/1/0011/8423/5583/products/Product7_home1_bf85cb4e-36b7-4c17-a6b4-0295b56a216e.png?v=1521620720,3,,,,,,,,,,,,,,,,,,,,
copy-of-one-shoulder-bow-top,,,,,,,,,,,,,,,,,,,,,,,,https://cdn.shopify.com/s/files/1/0011/8423/5583/products/Product8_home1_31ae6a1b-c100-44b1-90e5-85d3aacdbf7d.png?v=1521620720,4,,,,,,,,,,,,,,,,,,,,
one-shoulder-bow-top-5,One shoulder bow top,"<span>It is a long established fact that a reader will be distracted by the readable content of a page when looking at its layout. The point of using Lorem Ipsum is that it has a more-or-less normal distribution of letters, as opposed to using 'Content here, content here', making it look like readable English.</span><span></span>
<p>Why do we use it?</p>
<span>Many desktop publishing packages and web page editors now use Lorem Ipsum as their default model text, and a search for 'lorem ipsum' will uncover many web sites still in their infancy. Various versions have evolved over the years, sometimes by accident, sometimes on purpose (injected humour and the like).</span>",anton-demo,"","$100-$200, Black, Blue, L, M, S, White, XL",true,Title,Default Title,,,,,"",0,,0,deny,manual,200.00,,true,true,"",https://cdn.shopify.com/s/files/1/0011/8423/5583/products/Product5_home1_42fd36ae-d129-46a8-881c-2328f0376ffb.png?v=1521620693,1,,false,,,,,,,,,,,,,,,,,kg,
one-shoulder-bow-top-5,,,,,,,,,,,,,,,,,,,,,,,,https://cdn.shopify.com/s/files/1/0011/8423/5583/products/Product6_home1_4e35a71e-d85b-4926-8546-65abe615a7db.png?v=1521620693,2,,,,,,,,,,,,,,,,,,,,
one-shoulder-bow-top-5,,,,,,,,,,,,,,,,,,,,,,,,https://cdn.shopify.com/s/files/1/0011/8423/5583/products/Product7_home1_c4869d50-c269-4602-8e1b-83932a3a8443.png?v=1521620693,3,,,,,,,,,,,,,,,,,,,,
one-shoulder-bow-top-5,,,,,,,,,,,,,,,,,,,,,,,,https://cdn.shopify.com/s/files/1/0011/8423/5583/products/Product8_home1.png?v=1521620699,4,,,,,,,,,,,,,,,,,,,,
one-shoulder-bow-top-4,One shoulder bow top,"<span>It is a long established fact that a reader will be distracted by the readable content of a page when looking at its layout. The point of using Lorem Ipsum is that it has a more-or-less normal distribution of letters, as opposed to using 'Content here, content here', making it look like readable English.</span><span></span>
<p>Why do we use it?</p>
<span>Many desktop publishing packages and web page editors now use Lorem Ipsum as their default model text, and a search for 'lorem ipsum' will uncover many web sites still in their infancy. Various versions have evolved over the years, sometimes by accident, sometimes on purpose (injected humour and the like).</span>",anton-demo,"","$100-$200, Black, L, M, S, XL, Yellow",true,Title,Default Title,,,,,"",0,,0,deny,manual,200.00,,true,true,"",https://cdn.shopify.com/s/files/1/0011/8423/5583/products/Product1_home2_ad7cebd5-8ccd-46fc-9bf8-8f007df4b626.png?v=1521620806,1,,false,,,,,,,,,,,,,,,,,kg,
one-shoulder-bow-top-4,,,,,,,,,,,,,,,,,,,,,,,,https://cdn.shopify.com/s/files/1/0011/8423/5583/products/Product2_home2.png?v=1521621071,2,,,,,,,,,,,,,,,,,,,,
one-shoulder-bow-top-4,,,,,,,,,,,,,,,,,,,,,,,,https://cdn.shopify.com/s/files/1/0011/8423/5583/products/Product4_home2.png?v=1521621080,3,,,,,,,,,,,,,,,,,,,,
one-shoulder-bow-top-4,,,,,,,,,,,,,,,,,,,,,,,,https://cdn.shopify.com/s/files/1/0011/8423/5583/products/Product5_home2.png?v=1521621100,4,,,,,,,,,,,,,,,,,,,,
one-shoulder-bow-top-3,One shoulder bow top,"<span>It is a long established fact that a reader will be distracted by the readable content of a page when looking at its layout. The point of using Lorem Ipsum is that it has a more-or-less normal distribution of letters, as opposed to using 'Content here, content here', making it look like readable English.</span><span></span>
<p>Why do we use it?</p>
<span>Many desktop publishing packages and web page editors now use Lorem Ipsum as their default model text, and a search for 'lorem ipsum' will uncover many web sites still in their infancy. Various versions have evolved over the years, sometimes by accident, sometimes on purpose (injected humour and the like).</span>",anton-demo,"","$200-$300, Black, L, M, S, White, XL",true,Title,Default Title,,,,,"",0,,0,deny,manual,300.00,,true,true,"",https://cdn.shopify.com/s/files/1/0011/8423/5583/products/Product4_home1_984dd6f1-7450-4e6f-a748-98e0d4da2b4a.png?v=1521620624,1,,false,,,,,,,,,,,,,,,,,kg,
one-shoulder-bow-top-3,,,,,,,,,,,,,,,,,,,,,,,,https://cdn.shopify.com/s/files/1/0011/8423/5583/products/Product5_home1_0fa46789-1e25-42ca-97da-0a6f4e80b457.png?v=1521620631,2,,,,,,,,,,,,,,,,,,,,
one-shoulder-bow-top-3,,,,,,,,,,,,,,,,,,,,,,,,https://cdn.shopify.com/s/files/1/0011/8423/5583/products/Product7_home1.png?v=1521620637,3,,,,,,,,,,,,,,,,,,,,
one-shoulder-bow-top-3,,,,,,,,,,,,,,,,,,,,,,,,https://cdn.shopify.com/s/files/1/0011/8423/5583/products/Product6_home1_c00f70ca-e02a-46ae-a8db-033b81a2a1fe.png?v=1521620645,4,,,,,,,,,,,,,,,,,,,,
one-shoulder-bow-top-2,One shoulder bow top,"<span>It is a long established fact that a reader will be distracted by the readable content of a page when looking at its layout. The point of using Lorem Ipsum is that it has a more-or-less normal distribution of letters, as opposed to using 'Content here, content here', making it look like readable English.</span><span></span>
<p>Why do we use it?</p>
<span>Many desktop publishing packages and web page editors now use Lorem Ipsum as their default model text, and a search for 'lorem ipsum' will uncover many web sites still in their infancy. Various versions have evolved over the years, sometimes by accident, sometimes on purpose (injected humour and the like).</span>",anton-demo,"","$200-$300, $300-$400, L, M, S, White, XL",true,Title,Default Title,,,,,"",0,shopify,0,deny,manual,300.00,350.00,true,true,"",https://cdn.shopify.com/s/files/1/0011/8423/5583/products/Product3_home1_18cf2e5d-9d97-44a4-bbbd-c0c3ddfb7ae0.png?v=1521620403,1,,false,,,,,,,,,,,,,,,,,kg,
one-shoulder-bow-top-2,,,,,,,,,,,,,,,,,,,,,,,,https://cdn.shopify.com/s/files/1/0011/8423/5583/products/Product4_home1_ef123e37-1cf0-41c9-bba6-01343b06b2f8.png?v=1521620409,2,,,,,,,,,,,,,,,,,,,,
one-shoulder-bow-top-2,,,,,,,,,,,,,,,,,,,,,,,,https://cdn.shopify.com/s/files/1/0011/8423/5583/products/Product5_home1_2de0a75d-955b-422c-8adc-d5f49e717857.png?v=1521620417,3,,,,,,,,,,,,,,,,,,,,
one-shoulder-bow-top-2,,,,,,,,,,,,,,,,,,,,,,,,https://cdn.shopify.com/s/files/1/0011/8423/5583/products/Product6_home1.png?v=1521620608,4,,,,,,,,,,,,,,,,,,,,
one-shoulder-bow-top-1,One shoulder bow top,"<span>It is a long established fact that a reader will be distracted by the readable content of a page when looking at its layout. The point of using Lorem Ipsum is that it has a more-or-less normal distribution of letters, as opposed to using 'Content here, content here', making it look like readable English.</span><span></span>
<p>Why do we use it?</p>
<span>Many desktop publishing packages and web page editors now use Lorem Ipsum as their default model text, and a search for 'lorem ipsum' will uncover many web sites still in their infancy. Various versions have evolved over the years, sometimes by accident, sometimes on purpose (injected humour and the like).</span>",anton-demo,"","$200-$300, Black, L, M, S, XL",true,Size,Small,Color,Blue,,,"",0,,1,deny,manual,250.00,,true,true,"",https://cdn.shopify.com/s/files/1/0011/8423/5583/products/Product2_home1.png?v=1521619156,1,,false,,,,,,,,,,,,,,,,https://cdn.shopify.com/s/files/1/0011/8423/5583/products/Product2_home1.png?v=1521619156,kg,
one-shoulder-bow-top-1,,,,,,,,Small,,Red,,,"",0,,0,deny,manual,260.00,,true,true,"",https://cdn.shopify.com/s/files/1/0011/8423/5583/products/Product3_home1_40147eed-2a06-4c00-b143-8dc2f04e2858.png?v=1521619167,2,,,,,,,,,,,,,,,,,,https://cdn.shopify.com/s/files/1/0011/8423/5583/products/Product3_home1_40147eed-2a06-4c00-b143-8dc2f04e2858.png?v=1521619167,kg,
one-shoulder-bow-top-1,,,,,,,,Small,,White,,,"",0,,0,deny,manual,270.00,,true,true,"",https://cdn.shopify.com/s/files/1/0011/8423/5583/products/Product4_home1.png?v=1521619175,3,,,,,,,,,,,,,,,,,,https://cdn.shopify.com/s/files/1/0011/8423/5583/products/Product5_home1.png?v=1521619180,kg,
one-shoulder-bow-top-1,,,,,,,,Medium,,Blue,,,"",0,,0,deny,manual,280.00,,true,true,"",https://cdn.shopify.com/s/files/1/0011/8423/5583/products/Product5_home1.png?v=1521619180,4,,,,,,,,,,,,,,,,,,https://cdn.shopify.com/s/files/1/0011/8423/5583/products/Product2_home1.png?v=1521619156,kg,
one-shoulder-bow-top-1,,,,,,,,Medium,,Red,,,"",0,,0,deny,manual,290.00,,true,true,"",,,,,,,,,,,,,,,,,,,,https://cdn.shopify.com/s/files/1/0011/8423/5583/products/Product3_home1_40147eed-2a06-4c00-b143-8dc2f04e2858.png?v=1521619167,kg,
one-shoulder-bow-top-1,,,,,,,,Medium,,White,,,"",0,,0,deny,manual,300.00,,true,true,"",,,,,,,,,,,,,,,,,,,,https://cdn.shopify.com/s/files/1/0011/8423/5583/products/Product5_home1.png?v=1521619180,kg,
one-shoulder-bow-top-1,,,,,,,,Large,,Blue,,,"",0,,0,deny,manual,310.00,,true,true,"",,,,,,,,,,,,,,,,,,,,https://cdn.shopify.com/s/files/1/0011/8423/5583/products/Product2_home1.png?v=1521619156,kg,
one-shoulder-bow-top-1,,,,,,,,Large,,Red,,,"",0,,0,deny,manual,320.00,,true,true,"",,,,,,,,,,,,,,,,,,,,https://cdn.shopify.com/s/files/1/0011/8423/5583/products/Product3_home1_40147eed-2a06-4c00-b143-8dc2f04e2858.png?v=1521619167,kg,
one-shoulder-bow-top-1,,,,,,,,Large,,White,,,"",0,,0,deny,manual,330.00,,true,true,"",,,,,,,,,,,,,,,,,,,,https://cdn.shopify.com/s/files/1/0011/8423/5583/products/Product5_home1.png?v=1521619180,kg,
one-shoulder-bow-top,One shoulder bow top,"<span>It is a long established fact that a reader will be distracted by the readable content of a page when looking at its layout. The point of using Lorem Ipsum is that it has a more-or-less normal distribution of letters, as opposed to using 'Content here, content here', making it look like readable English.</span><span></span>
<p>Why do we use it?</p>
<span>Many desktop publishing packages and web page editors now use Lorem Ipsum as their default model text, and a search for 'lorem ipsum' will uncover many web sites still in their infancy. Various versions have evolved over the years, sometimes by accident, sometimes on purpose (injected humour and the like).</span>",anton-demo,"","$200-$300, Blue, L, M, S, XL",true,Title,Default Title,,,,,"",0,,0,deny,manual,300.00,350.00,true,true,"",https://cdn.shopify.com/s/files/1/0011/8423/5583/products/Product1_home2.png?v=1521618502,1,,false,,,,,,,,,,,,,,,,,kg,
one-shoulder-bow-top,,,,,,,,,,,,,,,,,,,,,,,,https://cdn.shopify.com/s/files/1/0011/8423/5583/products/Product3_home1.png?v=1521618503,2,,,,,,,,,,,,,,,,,,,,
